systemTimeStamp,timeStartup,timeGps,timeSyncIn,timeGpsPps,utcYear,utcMonth,utcDay,utcHour,utcMinute,utcSecond,utcFracsec,imuStatus,temperature,pressure,magX,magY,magZ,accelX,accelY,accelZ,gps1UtcYear,gps1UtcMonth,gps1UtcDay,gps1UtcHour,gps1UtcMinute,gps1UtcSecond,gps1UtcFracsec,gnss1NumSats,gnss1Fix,gnss1PosLat,gnss1PosLon,gnss1PosAlt,gnss1PosEcefX,gnss1PosEcefY,gnss1PosEcefY,gnss1PosUncertaintyN,gnss1PosUncertaintyE,gnss1PosUncertaintyD,yaw,pitch,roll,quatX,quatY,quatZ,quatW,insStatus,lat,lon,alt,posEcefX,posEcefY,posEcefZ,posU
556931992926,562751257000,562751257000,562751257000,557314931000,25,2,2,0,9,4,752,16,23.049999,101.749008,0.153611,0.551281,-0.063935,6.533432,0.034804,7.436782,25,2,4,19,23,34,800,0,0,44.406533,-158.391402,10426.052000,-4250155.665002,-1683493.482371,4447769.810585,22740368.000000,22740368.000000,22740368.000000,74.205887,41.309128,-179.820740,0.746621,0.564034,-0.282206,0.211618,32896,0.000000,0.000000,0.000000,0.000000,0.000000,0.000000,99.989998
556955836166,562776257000,562776257000,562776257000,557339931000,25,2,2,0,9,4,777,0,23.035000,101.737007,0.155219,0.550834,-0.062502,6.546614,0.027855,7.428036,25,2,4,19,23,34,800,0,0,44.406533,-158.391402,10426.052000,-4250155.665002,-1683493.482371,4447769.810585,22740368.000000,22740368.000000,22740368.000000,74.206398,41.310032,-179.820267,0.746618,0.564034,-0.282213,0.211621,32896,0.000000,0.000000,0.000000,0.000000,0.000000,0.000000,99.989998
556979044185,562801257000,562801257000,562801257000,557364931000,25,2,2,0,9,4,802,16,23.059998,101.749008,0.154524,0.551313,-0.061560,6.550390,0.021004,7.505324,25,2,4,19,23,34,800,0,0,44.406533,-158.391402,10426.052000,-4250155.665002,-1683493.482371,4447769.810585,22740368.000000,22740368.000000,22740368.000000,74.205933,41.311916,-179.819565,0.746617,0.564026,-0.282230,0.211624,128,0.000000,0.000000,0.000000,0.000000,0.000000,0.000000,99.989998
557004351463,562826256000,562826256000,562826256000,557389930000,25,2,2,0,9,4,827,16,23.040001,101.749008,0.153145,0.551767,-0.062518,6.528073,0.018876,7.441409,25,2,4,19,23,34,800,0,0,44.406533,-158.391402,10426.052000,-4250155.665002,-1683493.482371,4447769.810585,22740368.000000,22740368.000000,22740368.000000,74.206329,41.313457,-179.820068,0.746610,0.564027,-0.282236,0.211636,128,0.000000,0.000000,0.000000,0.000000,0.000000,0.000000,99.989998
557029679611,562851257000,562851257000,562851257000,557414931000,25,2,2,0,9,4,852,16,23.049999,101.749008,0.153144,0.551524,-0.062751,6.521182,0.014035,7.460950,25,2,4,19,23,34,800,0,0,44.406533,-158.391402,10426.052000,-4250155.665002,-1683493.482371,4447769.810585,22740368.000000,22740368.000000,22740368.000000,74.207298,41.312588,-179.819199,0.746609,0.564033,-0.282233,0.211629,32896,0.000000,0.000000,0.000000,0.000000,0.000000,0.000000,99.989998
557054977666,562876257000,562876257000,562876257000,557439931000,25,2,2,0,9,4,877,0,23.049999,101.749008,0.154054,0.550585,-0.061547,6.550317,0.017406,7.439564,25,2,4,19,23,34,800,0,0,44.406533,-158.391402,10426.052000,-4250155.665002,-1683493.482371,4447769.810585,22740368.000000,22740368.000000,22740368.000000,74.208015,41.311142,-179.818863,0.746610,0.564039,-0.282224,0.211621,32896,0.000000,0.000000,0.000000,0.000000,0.000000,0.000000,99.989998
557079230685,562901260000,562901260000,562901260000,557464934000,25,2,2,0,9,4,902,16,23.049999,101.749008,0.154067,0.551054,-0.062981,6.534361,0.027926,7.454778,25,2,4,19,23,34,800,0,0,44.406533,-158.391402,10426.052000,-4250155.665002,-1683493.482371,4447769.810585,22740368.000000,22740368.000000,22740368.000000,74.208076,41.311825,-179.818085,0.746609,0.564036,-0.282232,0.211619,128,0.000000,0.000000,0.000000,0.000000,0.000000,0.000000,99.989998
557104533148,562926257000,562926257000,562926257000,557489931000,25,2,2,0,9,4,927,16,23.049999,101.749008,0.151982,0.550542,-0.063446,6.563891,-0.002785,7.422024,25,2,4,19,23,34,800,0,0,44.406533,-158.391402,10426.052000,-4250155.665002,-1683493.482371,4447769.810585,22740368.000000,22740368.000000,22740368.000000,74.207642,41.311874,-179.817627,0.746612,0.564032,-0.282236,0.211616,128,0.000000,0.000000,0.000000,0.000000,0.000000,0.000000,99.989998
557129833815,562951257000,562951257000,562951257000,557514931000,25,2,2,0,9,4,952,16,23.049999,101.749008,0.154088,0.552729,-0.063961,6.555041,0.028424,7.440039,25,2,4,19,23,35,0,0,0,44.406177,-158.390700,10425.920000,-4250160.705002,-1683555.722370,4447741.430585,22740540.000000,22740542.000000,22740542.000000,74.207367,41.311554,-179.818558,0.746612,0.564034,-0.282230,0.211619,32896,0.000000,0.000000,0.000000,0.000000,0.000000,0.000000,99.989998
557154079666,562976257000,562976257000,562976257000,557539931000,25,2,2,0,9,4,977,0,23.049999,101.737007,0.153838,0.551292,-0.062985,6.552464,0.027879,7.485432,25,2,4,19,23,35,0,0,0,44.406177,-158.390700,10425.920000,-4250160.705002,-1683555.722370,4447741.430585,22740540.000000,22740542.000000,22740542.000000,74.207573,41.310143,-179.819000,0.746614,0.564039,-0.282218,0.211616,32896,0.000000,0.000000,0.000000,0.000000,0.000000,0.000000,99.989998
557179384981,563001257000,563001257000,563001257000,557564931000,25,2,2,0,9,5,2,16,23.049999,101.749008,0.154303,0.551538,-0.062989,6.564852,0.044463,7.452976,25,2,4,19,23,35,0,0,0,44.406177,-158.390700,10425.920000,-4250160.705002,-1683555.722370,4447741.430585,22740540.000000,22740542.000000,22740542.000000,74.207512,41.310081,-179.820160,0.746612,0.564041,-0.282212,0.211623,16512,0.000000,0.000000,0.000000,0.000000,0.000000,0.000000,99.989998
557204685018,563026256000,563026256000,563026256000,557589930000,25,2,2,0,9,5,27,16,23.049999,101.749008,0.154076,0.551772,-0.063469,6.538609,0.029578,7.489666,25,2,4,19,23,35,0,0,0,44.406177,-158.390700,10425.920000,-4250160.705002,-1683555.722370,4447741.430585,22740540.000000,22740542.000000,22740542.000000,74.208931,41.309875,-179.819473,0.746607,0.564049,-0.282211,0.211621,16512,0.000000,0.000000,0.000000,0.000000,0.000000,0.000000,99.989998
557228931259,563051257000,563051257000,563051257000,557614931000,25,2,2,0,9,5,52,16,23.049999,101.749008,0.153600,0.550079,-0.063913,6.554215,0.035503,7.397552,25,2,4,19,23,35,0,0,0,44.406177,-158.390700,10425.920000,-4250160.705002,-1683555.722370,4447741.430585,22740540.000000,22740542.000000,22740542.000000,74.208580,41.309357,-179.821289,0.746607,0.564052,-0.282200,0.211629,43136,0.000000,0.000000,0.000000,0.000000,0.000000,0.000000,99.989998
557254232481,563076257000,563076257000,563076257000,557639931000,25,2,2,0,9,5,77,0,23.049999,101.737007,0.154763,0.551548,-0.062515,6.555601,0.012937,7.445498,25,2,4,19,23,35,0,0,0,44.406177,-158.390700,10425.920000,-4250160.705002,-1683555.722370,4447741.430585,22740540.000000,22740542.000000,22740542.000000,74.207977,41.309746,-179.821716,0.746608,0.564049,-0.282201,0.211633,43136,0.000000,0.000000,0.000000,0.000000,0.000000,0.000000,99.989998
557279531092,563101257000,563101257000,563101257000,557664931000,25,2,2,0,9,5,102,16,23.039997,101.733002,0.154282,0.549375,-0.062951,6.556914,0.026540,7.431466,25,2,4,19,23,35,0,0,0,44.406177,-158.390700,10425.920000,-4250160.705002,-1683555.722370,4447741.430585,22740540.000000,22740542.000000,22740542.000000,74.208191,41.311863,-179.821503,0.746602,0.564046,-0.282216,0.211642,43136,0.000000,0.000000,0.000000,0.000000,0.000000,0.000000,99.989998
557304830870,563126257000,563126257000,563126257000,557689931000,25,2,2,0,9,5,127,16,23.049999,101.749008,0.153145,0.551522,-0.062989,6.533256,0.031787,7.438801,25,2,4,19,23,35,200,0,0,44.390882,-158.939402,10420.213000,-4267196.134621,-1643203.393272,4446521.060613,22740714.000000,22740716.000000,22740714.000000,74.207695,41.311783,-179.820511,0.746606,0.564040,-0.282221,0.211634,4224,0.000000,0.000000,0.000000,0.000000,0.000000,0.000000,99.989998
557329083629,563151257000,563151257000,563151257000,557714931000,25,2,2,0,9,5,152,16,23.049999,101.737007,0.155216,0.550593,-0.062498,6.529135,0.033454,7.465203,25,2,4,19,23,35,200,0,0,44.390882,-158.939402,10420.213000,-4267196.134621,-1643203.393272,4446521.060613,22740714.000000,22740716.000000,22740714.000000,74.207306,41.311989,-179.821594,0.746606,0.564040,-0.282218,0.211641,4224,0.000000,0.000000,0.000000,0.000000,0.000000,0.000000,99.989998
557354384481,563176257000,563176257000,563176257000,557739931000,25,2,2,0,9,5,177,0,23.049999,101.737007,0.154543,0.552258,-0.063477,6.533621,0.012322,7.421057,25,2,4,19,23,35,200,0,0,44.390882,-158.939402,10420.213000,-4267196.134621,-1643203.393272,4446521.060613,22740714.000000,22740716.000000,22740714.000000,74.206673,41.311829,-179.821762,0.746609,0.564036,-0.282217,0.211640,32896,0.000000,0.000000,0.000000,0.000000,0.000000,0.000000,99.989998
557379685481,563201257000,563201257000,563201257000,557764931000,25,2,2,0,9,5,202,16,23.049999,101.762001,0.154077,0.552256,-0.063002,6.526865,0.009497,7.444865,25,2,4,19,23,35,200,0,0,44.390882,-158.939402,10420.213000,-4267196.134621,-1643203.393272,4446521.060613,22740714.000000,22740716.000000,22740714.000000,74.206665,41.310799,-179.822250,0.746611,0.564040,-0.282208,0.211638,32896,0.000000,0.000000,0.000000,0.000000,0.000000,0.000000,99.989998
557403931259,563226256000,563226256000,563226256000,557789930000,25,2,2,0,9,5,227,16,23.059998,101.737007,0.154075,0.552016,-0.062998,6.563748,0.034201,7.467743,25,2,4,19,23,35,200,0,0,44.390882,-158.939402,10420.213000,-4267196.134621,-1643203.393272,4446521.060613,22740714.000000,22740716.000000,22740714.000000,74.206558,41.311440,-179.823074,0.746608,0.564040,-0.282208,0.211646,128,0.000000,0.000000,0.000000,0.000000,0.000000,0.000000,99.989998
557429231611,563251257000,563251257000,563251257000,557814931000,25,2,2,0,9,5,252,16,23.049999,101.749008,0.154546,0.552253,-0.064190,6.556261,0.011719,7.390790,25,2,4,19,23,35,200,0,0,44.390882,-158.939402,10420.213000,-4267196.134621,-1643203.393272,4446521.060613,22740714.000000,22740716.000000,22740714.000000,74.207542,41.310585,-179.822632,0.746606,0.564047,-0.282203,0.211642,128,0.000000,0.000000,0.000000,0.000000,0.000000,0.000000,99.989998
557454529222,563276257000,563276257000,563276257000,557839931000,25,2,2,0,9,5,277,0,23.049999,101.737007,0.153849,0.551761,-0.064419,6.515483,0.025637,7.404611,25,2,4,19,23,35,200,0,0,44.390882,-158.939402,10420.213000,-4267196.134621,-1643203.393272,4446521.060613,22740714.000000,22740716.000000,22740714.000000,74.206795,41.312431,-179.821854,0.746607,0.564036,-0.282220,0.211644,32896,0.000000,0.000000,0.000000,0.000000,0.000000,0.000000,99.989998
557478779425,563301257000,563301257000,563301257000,557864931000,25,2,2,0,9,5,302,16,23.049999,101.737007,0.153157,0.552236,-0.063952,6.529979,0.007484,7.446260,25,2,4,19,23,35,200,0,0,44.390882,-158.939402,10420.213000,-4267196.134621,-1643203.393272,4446521.060613,22740714.000000,22740716.000000,22740714.000000,74.206047,41.314003,-179.822525,0.746605,0.564030,-0.282228,0.211654,32896,0.000000,0.000000,0.000000,0.000000,0.000000,0.000000,99.989998
557504083759,563326257000,563326257000,563326257000,557889931000,25,2,2,0,9,5,327,16,23.049999,101.724007,0.153623,0.552725,-0.063723,6.522516,0.009959,7.406289,25,2,4,19,23,35,200,0,0,44.390882,-158.939402,10420.213000,-4267196.134621,-1643203.393272,4446521.060613,22740714.000000,22740716.000000,22740714.000000,74.205811,41.315861,-179.823166,0.746601,0.564027,-0.282238,0.211667,128,0.000000,0.000000,0.000000,0.000000,0.000000,0.000000,99.989998
557530440981,563351257000,563351257000,563351257000,557914931000,25,2,2,0,9,5,352,16,23.049999,101.737007,0.154322,0.552241,-0.065377,6.536872,0.016811,7.423520,25,2,4,19,23,35,399,0,0,44.390506,-158.938702,10420.073000,-4267203.284621,-1643266.003270,4446491.060613,22740890.000000,22740890.000000,22740892.000000,74.206451,41.318939,-179.821655,0.746593,0.564021,-0.282264,0.211674,128,0.000000,0.000000,0.000000,0.000000,0.000000,0.000000,99.989998
557553738740,563376256000,563376256000,563376256000,557939930000,25,2,2,0,9,5,377,0,23.049999,101.749008,0.153617,0.552490,-0.063006,6.555038,0.023024,7.459841,25,2,4,19,23,35,399,0,0,44.390506,-158.938702,10420.073000,-4267203.284621,-1643266.003270,4446491.060613,22740890.000000,22740890.000000,22740892.000000,74.208115,41.320175,-179.820389,0.746584,0.564027,-0.282275,0.211676,32896,0.000000,0.000000,0.000000,0.000000,0.000000,0.000000,99.989998
557580123759,563401257000,563401257000,563401257000,557964931000,25,2,2,0,9,5,402,16,23.049999,101.749008,0.154536,0.550807,-0.064639,6.517723,0.014431,7.437811,25,2,4,19,23,35,399,0,0,44.390506,-158.938702,10420.073000,-4267203.284621,-1643266.003270,4446491.060613,22740890.000000,22740890.000000,22740892.000000,74.209068,41.321358,-179.819687,0.746578,0.564029,-0.282285,0.211679,32896,0.000000,0.000000,0.000000,0.000000,0.000000,0.000000,99.989998
557604388999,563426256000,563426256000,563426256000,557989930000,25,2,2,0,9,5,427,16,23.049999,101.737007,0.154072,0.551777,-0.062756,6.539314,-0.001872,7.448093,25,2,4,19,23,35,399,0,0,44.390506,-158.938702,10420.073000,-4267203.284621,-1643266.003270,4446491.060613,22740890.000000,22740890.000000,22740892.000000,74.208954,41.323021,-179.819717,0.746574,0.564025,-0.282296,0.211688,128,0.000000,0.000000,0.000000,0.000000,0.000000,0.000000,99.989998
557629715296,563451257000,563451257000,563451257000,558014931000,25,2,2,0,9,5,452,16,23.049999,101.737007,0.154076,0.552258,-0.062765,6.531016,0.017648,7.478034,25,2,4,19,23,35,399,0,0,44.390506,-158.938702,10420.073000,-4267203.284621,-1643266.003270,4446491.060613,22740890.000000,22740890.000000,22740892.000000,74.208305,41.323849,-179.820404,0.746574,0.564021,-0.282299,0.211694,128,0.000000,0.000000,0.000000,0.000000,0.000000,0.000000,99.989998
557653982092,563476257000,563476257000,563476257000,558039931000,25,2,2,0,9,5,477,0,23.049999,101.749008,0.153853,0.551999,-0.064660,6.526689,0.024933,7.462000,25,2,4,19,23,35,399,0,0,44.390506,-158.938702,10420.073000,-4267203.284621,-1643266.003270,4446491.060613,22740890.000000,22740890.000000,22740892.000000,74.208336,41.323402,-179.820496,0.746575,0.564022,-0.282295,0.211693,128,0.000000,0.000000,0.000000,0.000000,0.000000,0.000000,99.989998
557680368259,563501257000,563501257000,563501257000,558064931000,25,2,2,0,9,5,502,16,23.049999,101.737007,0.153609,0.551283,-0.063697,6.552737,0.007217,7.402338,25,2,4,19,23,35,399,0,0,44.390506,-158.938702,10420.073000,-4267203.284621,-1643266.003270,4446491.060613,22740890.000000,22740890.000000,22740892.000000,74.208961,41.322819,-179.819885,0.746574,0.564026,-0.282293,0.211688,32896,0.000000,0.000000,0.000000,0.000000,0.000000,0.000000,99.989998
557704645333,563526256000,563526256000,563526256000,558089930000,25,2,2,0,9,5,527,16,23.049999,101.737007,0.153138,0.550801,-0.062976,6.527564,0.026366,7.447871,25,2,4,19,23,35,399,0,0,44.390506,-158.938702,10420.073000,-4267203.284621,-1643266.003270,4446491.060613,22740890.000000,22740890.000000,22740892.000000,74.209488,41.322388,-179.819275,0.746574,0.564029,-0.282293,0.211683,32896,0.000000,0.000000,0.000000,0.000000,0.000000,0.000000,99.989998
557729969536,563551257000,563551257000,563551257000,558114931000,25,2,2,0,9,5,552,16,23.055000,101.749008,0.154293,0.551063,-0.062268,6.563563,-0.002720,7.444784,25,2,4,19,23,35,600,0,0,44.342765,-158.549981,10402.262000,-4259402.854795,-1673532.682594,4442679.990698,22741064.000000,22741064.000000,22741064.000000,74.209061,41.323082,-179.820343,0.746572,0.564028,-0.282293,0.211692,128,0.000000,0.000000,0.000000,0.000000,0.000000,0.000000,99.989998
557755284759,563576256000,563576256000,563576256000,558139930000,25,2,2,0,9,5,577,0,23.049999,101.749008,0.153370,0.550805,-0.062976,6.542406,0.031363,7.466620,25,2,4,19,23,35,600,0,0,44.342765,-158.549981,10402.262000,-4259402.854795,-1673532.682594,4442679.990698,22741064.000000,22741064.000000,22741064.000000,74.209053,41.324604,-179.819794,0.746570,0.564023,-0.282305,0.211696,128,0.000000,0.000000,0.000000,0.000000,0.000000,0.000000,99.989998
557779588870,563601257000,563601257000,563601257000,558164931000,25,2,2,0,9,5,602,16,23.059998,101.749008,0.154995,0.551549,-0.062752,6.562927,0.022934,7.454194,25,2,4,19,23,35,600,0,0,44.342765,-158.549981,10402.262000,-4259402.854795,-1673532.682594,4442679.990698,22741064.000000,22741064.000000,22741064.000000,74.209877,41.324768,-179.818695,0.746567,0.564026,-0.282310,0.211692,32896,0.000000,0.000000,0.000000,0.000000,0.000000,0.000000,99.989998
557804907962,563626257000,563626257000,563626257000,558189931000,25,2,2,0,9,5,627,16,23.049999,101.737007,0.154525,0.550824,-0.062502,6.526648,0.016464,7.402326,25,2,4,19,23,35,600,0,0,44.342765,-158.549981,10402.262000,-4259402.854795,-1673532.682594,4442679.990698,22741064.000000,22741064.000000,22741064.000000,74.210640,41.323616,-179.817413,0.746569,0.564030,-0.282308,0.211680,32896,0.000000,0.000000,0.000000,0.000000,0.000000,0.000000,99.989998
557830232462,563651257000,563651257000,563651257000,558214931000,25,2,2,0,9,5,652,16,23.049999,101.749008,0.154067,0.551541,-0.062277,6.570197,0.005645,7.419140,25,2,4,19,23,35,600,0,0,44.342765,-158.549981,10402.262000,-4259402.854795,-1673532.682594,4442679.990698,22741064.000000,22741064.000000,22741064.000000,74.211029,41.323425,-179.817490,0.746567,0.564033,-0.282305,0.211680,128,0.000000,0.000000,0.000000,0.000000,0.000000,0.000000,99.989998
557854588407,563676256000,563676256000,563676256000,558239930000,25,2,2,0,9,5,677,0,23.049999,101.749008,0.154302,0.551782,-0.062519,6.548536,0.021765,7.452812,25,2,4,19,23,35,600,0,0,44.342765,-158.549981,10402.262000,-4259402.854795,-1673532.682594,4442679.990698,22741064.000000,22741064.000000,22741064.000000,74.211609,41.323872,-179.817062,0.746564,0.564035,-0.282309,0.211681,128,0.000000,0.000000,0.000000,0.000000,0.000000,0.000000,99.989998
557879912777,563701257000,563701257000,563701257000,558264931000,25,2,2,0,9,5,702,16,23.049999,101.749008,0.154763,0.550574,-0.064160,6.530581,0.023367,7.451862,25,2,4,19,23,35,600,0,0,44.342765,-158.549981,10402.262000,-4259402.854795,-1673532.682594,4442679.990698,22741064.000000,22741064.000000,22741064.000000,74.211746,41.324055,-179.816986,0.746563,0.564035,-0.282311,0.211682,32896,0.000000,0.000000,0.000000,0.000000,0.000000,0.000000,99.989998
557905231073,563726256000,563726256000,563726256000,558289930000,25,2,2,0,9,5,727,16,23.049999,101.749008,0.152689,0.551995,-0.063235,6.571227,0.005327,7.441488,25,2,4,19,23,35,600,0,0,44.342765,-158.549981,10402.262000,-4259402.854795,-1673532.682594,4442679.990698,22741064.000000,22741064.000000,22741064.000000,74.210892,41.323509,-179.817566,0.746567,0.564032,-0.282306,0.211681,32896,0.000000,0.000000,0.000000,0.000000,0.000000,0.000000,99.989998
557929504370,563751257000,563751257000,563751257000,558314931000,25,2,2,0,9,5,752,16,23.049999,101.762001,0.154068,0.551297,-0.062748,6.546413,0.035089,7.453948,25,2,4,19,23,35,800,0,0,44.342397,-158.549281,10402.125000,-4259408.894795,-1673595.152592,4442650.660699,22741238.000000,22741238.000000,22741240.000000,74.211098,41.325840,-179.817627,0.746561,0.564029,-0.282320,0.211693,128,0.000000,0.000000,0.000000,0.000000,0.000000,0.000000,99.989998
557954827073,563776257000,563776257000,563776257000,558339931000,25,2,2,0,9,5,777,0,23.065002,101.749008,0.154062,0.551792,-0.060856,6.546206,0.009057,7.467603,25,2,4,19,23,35,800,0,0,44.342397,-158.549281,10402.125000,-4259408.894795,-1673595.152592,4442650.660699,22741238.000000,22741238.000000,22741240.000000,74.212791,41.325352,-179.815933,0.746557,0.564037,-0.282322,0.211684,128,0.000000,0.000000,0.000000,0.000000,0.000000,0.000000,99.989998
557980153444,563801257000,563801257000,563801257000,558364931000,25,2,2,0,9,5,802,16,23.049999,101.737007,0.154755,0.550585,-0.062735,6.565784,0.009833,7.445838,25,2,4,19,23,35,800,0,0,44.342397,-158.549281,10402.125000,-4259408.894795,-1673595.152592,4442650.660699,22741238.000000,22741238.000000,22741240.000000,74.214508,41.322956,-179.815521,0.746555,0.564051,-0.282306,0.211674,32896,0.000000,0.000000,0.000000,0.000000,0.000000,0.000000,99.989998
558004398999,563826257000,563826257000,563826257000,558389931000,25,2,2,0,9,5,827,16,23.049999,101.737007,0.153606,0.550802,-0.063689,6.537614,-0.001472,7.486982,25,2,4,19,23,35,800,0,0,44.342397,-158.549281,10402.125000,-4259408.894795,-1673595.152592,4442650.660699,22741238.000000,22741238.000000,22741240.000000,74.214165,41.324863,-179.817062,0.746549,0.564049,-0.282311,0.211692,32896,0.000000,0.000000,0.000000,0.000000,0.000000,0.000000,99.989998
558029727629,563851257000,563851257000,563851257000,558414931000,25,2,2,0,9,5,852,16,23.049999,101.737007,0.154073,0.551045,-0.064168,6.579810,0.013892,7.449150,25,2,4,19,23,35,800,0,0,44.342397,-158.549281,10402.125000,-4259408.894795,-1673595.152592,4442650.660699,22741238.000000,22741238.000000,22741240.000000,74.214584,41.324059,-179.816437,0.746550,0.564052,-0.282308,0.211685,128,0.000000,0.000000,0.000000,0.000000,0.000000,0.000000,99.989998
558055048129,563876257000,563876257000,563876257000,558439931000,25,2,2,0,9,5,877,0,23.049999,101.749008,0.153380,0.551278,-0.063935,6.529525,0.025455,7.431031,25,2,4,19,23,35,800,0,0,44.342397,-158.549281,10402.125000,-4259408.894795,-1673595.152592,4442650.660699,22741238.000000,22741238.000000,22741240.000000,74.215706,41.323864,-179.815018,0.746548,0.564056,-0.282312,0.211678,128,0.000000,0.000000,0.000000,0.000000,0.000000,0.000000,99.989998
558079321684,563901257000,563901257000,563901257000,558464931000,25,2,2,0,9,5,902,16,23.049999,101.749008,0.154532,0.551057,-0.063456,6.539123,0.042493,7.446389,25,2,4,19,23,35,800,0,0,44.342397,-158.549281,10402.125000,-4259408.894795,-1673595.152592,4442650.660699,22741238.000000,22741238.000000,22741240.000000,74.218948,41.323727,-179.812256,0.746537,0.564071,-0.282318,0.211667,128,0.000000,0.000000,0.000000,0.000000,0.000000,0.000000,99.989998
558104641203,563926257000,563926257000,563926257000,558489931000,25,2,2,0,9,5,927,16,23.049999,101.749008,0.153619,0.552975,-0.062540,6.573941,0.022806,7.450523,25,2,4,19,23,35,800,0,0,44.342397,-158.549281,10402.125000,-4259408.894795,-1673595.152592,4442650.660699,22741238.000000,22741238.000000,22741240.000000,74.219421,41.325027,-179.811356,0.746533,0.564069,-0.282330,0.211669,32896,0.000000,0.000000,0.000000,0.000000,0.000000,0.000000,99.989998
558129970758,563951257000,563951257000,563951257000,558514931000,25,2,2,0,9,5,952,16,23.055000,101.749008,0.153613,0.552009,-0.062998,6.546896,0.022253,7.442966,25,2,4,19,23,36,0,0,0,44.494468,-158.624618,10458.861000,-4250612.144991,-1663690.172814,4454779.590428,22741412.000000,22741412.000000,22741412.000000,74.218536,41.326088,-179.813141,0.746532,0.564066,-0.282330,0.211683,32896,0.000000,0.000000,0.000000,0.000000,0.000000,0.000000,99.989998
558154245203,563976257000,563976257000,563976257000,558539931000,25,2,2,0,9,5,977,0,23.049999,101.737007,0.154301,0.551054,-0.063456,6.548335,0.038058,7.423696,25,2,4,19,23,36,0,0,0,44.494468,-158.624618,10458.861000,-4250612.144991,-1663690.172814,4454779.590428,22741412.000000,22741412.000000,22741412.000000,74.219055,41.328770,-179.812759,0.746523,0.564063,-0.282349,0.211696,128,0.000000,0.000000,0.000000,0.000000,0.000000,0.000000,99.989998
558179556277,564001257000,564001257000,564001257000,558564931000,25,2,2,0,9,6,2,16,23.059999,101.741005,0.154524,0.550582,-0.062735,6.525033,0.014893,7.429682,25,2,4,19,23,36,0,0,0,44.494468,-158.624618,10458.861000,-4250612.144991,-1663690.172814,4454779.590428,22741412.000000,22741412.000000,22741412.000000,74.220551,41.329830,-179.811295,0.746516,0.564067,-0.282360,0.211695,128,0.000000,0.000000,0.000000,0.000000,0.000000,0.000000,99.989998
558204855444,564026256000,564026256000,564026256000,558589930000,25,2,2,0,9,6,27,16,23.059999,101.741005,0.153603,0.551050,-0.062743,6.526254,0.031219,7.443711,25,2,4,19,23,36,0,0,0,44.494468,-158.624618,10458.861000,-4250612.144991,-1663690.172814,4454779.590428,22741412.000000,22741412.000000,22741412.000000,74.220116,41.328583,-179.811661,0.746521,0.564068,-0.282351,0.211690,32896,0.000000,0.000000,0.000000,0.000000,0.000000,0.000000,99.989998
558230150351,564051257000,564051257000,564051257000,558614931000,25,2,2,0,9,6,52,16,23.049999,101.737007,0.153837,0.550561,-0.064160,6.539753,0.017049,7.492948,25,2,4,19,23,36,0,0,0,44.494468,-158.624618,10458.861000,-4250612.144991,-1663690.172814,4454779.590428,22741412.000000,22741412.000000,22741412.000000,74.219597,41.327869,-179.813293,0.746522,0.564070,-0.282339,0.211696,32896,0.000000,0.000000,0.000000,0.000000,0.000000,0.000000,99.989998
558254391314,564076256000,564076256000,564076256000,558639930000,25,2,2,0,9,6,77,0,23.054998,101.729004,0.153603,0.550320,-0.063918,6.532130,0.036111,7.446681,25,2,4,19,23,36,0,0,0,44.494468,-158.624618,10458.861000,-4250612.144991,-1663690.172814,4454779.590428,22741412.000000,22741412.000000,22741412.000000,74.217644,41.325352,-179.814163,0.746536,0.564064,-0.282322,0.211684,128,0.000000,0.000000,0.000000,0.000000,0.000000,0.000000,99.989998
558279685369,564101257000,564101257000,564101257000,558664931000,25,2,2,0,9,6,102,16,23.049999,101.749008,0.155456,0.551072,-0.063219,6.516478,-0.001041,7.428727,25,2,4,19,23,36,0,0,0,44.494468,-158.624618,10458.861000,-4250612.144991,-1663690.172814,4454779.590428,22741412.000000,22741412.000000,22741412.000000,74.214752,41.319389,-179.818390,0.746557,0.564067,-0.282268,0.211675,128,0.000000,0.000000,0.000000,0.000000,0.000000,0.000000,99.989998
558304979647,564126256000,564126256000,564126256000,558689930000,25,2,2,0,9,6,127,16,23.049999,101.737007,0.153375,0.551041,-0.063455,6.555606,0.024457,7.449682,25,2,4,19,23,36,0,0,0,44.494468,-158.624618,10458.861000,-4250612.144991,-1663690.172814,4454779.590428,22741412.000000,22741412.000000,22741412.000000,74.212578,41.314072,-179.822311,0.746573,0.564072,-0.282218,0.211669,32896,0.000000,0.000000,0.000000,0.000000,0.000000,0.000000,99.989998
558329220555,564151257000,564151257000,564151257000,558714931000,25,2,2,0,9,6,152,16,23.049999,101.749008,0.154075,0.551530,-0.063702,6.557439,0.011061,7.444001,25,2,4,19,23,36,200,0,0,44.494112,-158.623915,10458.728000,-4250617.464991,-1663752.382812,4454751.280429,22741586.000000,22741586.000000,22741586.000000,74.211746,41.310326,-179.823456,0.746585,0.564076,-0.282189,0.211656,32896,0.000000,0.000000,0.000000,0.000000,0.000000,0.000000,99.989998
558354516832,564176257000,564176257000,564176257000,558739931000,25,2,2,0,9,6,177,0,23.049999,101.724007,0.153846,0.551523,-0.064177,6.565656,-0.003660,7.427250,25,2,4,19,23,36,200,0,0,44.494112,-158.623915,10458.728000,-4250617.464991,-1663752.382812,4454751.280429,22741586.000000,22741586.000000,22741586.000000,74.210266,41.309978,-179.825439,0.746589,0.564072,-0.282180,0.211664,128,0.000000,0.000000,0.000000,0.000000,0.000000,0.000000,99.989998
558379811388,564201257000,564201257000,564201257000,558764931000,25,2,2,0,9,6,202,16,23.049999,101.737007,0.154298,0.551302,-0.062510,6.544100,0.021806,7.434280,25,2,4,19,23,36,200,0,0,44.494112,-158.623915,10458.728000,-4250617.464991,-1663752.382812,4454751.280429,22741586.000000,22741586.000000,22741586.000000,74.207840,41.311237,-179.827591,0.746594,0.564059,-0.282182,0.211678,128,0.000000,0.000000,0.000000,0.000000,0.000000,0.000000,99.989998
558405106129,564226256000,564226256000,564226256000,558789930000,25,2,2,0,9,6,227,16,23.049999,101.737007,0.153604,0.551048,-0.062981,6.556507,0.008957,7.428751,25,2,4,19,23,36,200,0,0,44.494112,-158.623915,10458.728000,-4250617.464991,-1663752.382812,4454751.280429,22741586.000000,22741586.000000,22741586.000000,74.206467,41.313076,-179.828979,0.746594,0.564051,-0.282190,0.211693,32896,0.000000,0.000000,0.000000,0.000000,0.000000,0.000000,99.989998
558429349666,564251257000,564251257000,564251257000,558814931000,25,2,2,0,9,6,252,16,23.055000,101.737007,0.153847,0.552009,-0.063473,6.533275,-0.002093,7.475341,25,2,4,19,23,36,200,0,0,44.494112,-158.623915,10458.728000,-4250617.464991,-1663752.382812,4454751.280429,22741586.000000,22741586.000000,22741586.000000,74.206635,41.313160,-179.830063,0.746591,0.564054,-0.282185,0.211701,32896,0.000000,0.000000,0.000000,0.000000,0.000000,0.000000,99.989998
558454642814,564276257000,564276257000,564276257000,558839931000,25,2,2,0,9,6,277,0,23.049999,101.737007,0.153840,0.550802,-0.064164,6.545148,0.015907,7.455554,25,2,4,19,23,36,200,0,0,44.494112,-158.623915,10458.728000,-4250617.464991,-1663752.382812,4454751.280429,22741586.000000,22741586.000000,22741586.000000,74.206123,41.311970,-179.830490,0.746595,0.564054,-0.282176,0.211696,32896,0.000000,0.000000,0.000000,0.000000,0.000000,0.000000,99.989998
558479937147,564301257000,564301257000,564301257000,558864931000,25,2,2,0,9,6,302,16,23.049999,101.749008,0.153844,0.551282,-0.064173,6.555671,0.007771,7.425248,25,2,4,19,23,36,200,0,0,44.494112,-158.623915,10458.728000,-4250617.464991,-1663752.382812,4454751.280429,22741586.000000,22741586.000000,22741586.000000,74.205154,41.309891,-179.832367,0.746602,0.564056,-0.282155,0.211696,128,0.000000,0.000000,0.000000,0.000000,0.000000,0.000000,99.989998
558504176036,564326256000,564326256000,564326256000,558889930000,25,2,2,0,9,6,327,16,23.049999,101.737007,0.153839,0.552020,-0.062048,6.583419,0.024222,7.448689,25,2,4,19,23,36,200,0,0,44.494112,-158.623915,10458.728000,-4250617.464991,-1663752.382812,4454751.280429,22741586.000000,22741586.000000,22741586.000000,74.205299,41.311371,-179.832214,0.746598,0.564054,-0.282165,0.211703,128,0.000000,0.000000,0.000000,0.000000,0.000000,0.000000,99.989998
558529468166,564351257000,564351257000,564351257000,558914931000,25,2,2,0,9,6,352,16,23.049999,101.737007,0.153390,0.552723,-0.063486,6.549895,0.003064,7.431308,25,2,4,19,23,36,399,0,0,44.493757,-158.623213,10458.596000,-4250622.784991,-1663814.592811,4454722.960429,22741760.000000,22741760.000000,22741760.000000,74.206192,41.310879,-179.831100,0.746596,0.564058,-0.282166,0.211695,32896,0.000000,0.000000,0.000000,0.000000,0.000000,0.000000,99.989998
558554760814,564376257000,564376257000,564376257000,558939931000,25,2,2,0,9,6,377,0,23.049999,101.737007,0.153616,0.551762,-0.063943,6.520817,0.016540,7.446577,25,2,4,19,23,36,399,0,0,44.493757,-158.623213,10458.596000,-4250622.784991,-1663814.592811,4454722.960429,22741760.000000,22741760.000000,22741760.000000,74.205811,41.311077,-179.832657,0.746595,0.564059,-0.282160,0.211705,32896,0.000000,0.000000,0.000000,0.000000,0.000000,0.000000,99.989998
558580024203,564401257000,564401257000,564401257000,558964931000,25,2,2,0,9,6,402,16,23.059999,101.741005,0.154530,0.551303,-0.062748,6.553753,0.017749,7.458860,25,2,4,19,23,36,399,0,0,44.493757,-158.623213,10458.596000,-4250622.784991,-1663814.592811,4454722.960429,22741760.000000,22741760.000000,22741760.000000,74.205780,41.312206,-179.832199,0.746593,0.564056,-0.282170,0.211708,128,0.000000,0.000000,0.000000,0.000000,0.000000,0.000000,99.989998
558604264425,564426256000,564426256000,564426256000,558989930000,25,2,2,0,9,6,427,16,23.049999,101.724007,0.154301,0.550810,-0.063927,6.538321,0.003300,7.411846,25,2,4,19,23,36,399,0,0,44.493757,-158.623213,10458.596000,-4250622.784991,-1663814.592811,4454722.960429,22741760.000000,22741760.000000,22741760.000000,74.206123,41.313152,-179.831985,0.746590,0.564056,-0.282176,0.211712,128,0.000000,0.000000,0.000000,0.000000,0.000000,0.000000,99.989998
558629556165,564451257000,564451257000,564451257000,559014931000,25,2,2,0,9,6,452,16,23.049999,101.749008,0.154061,0.550820,-0.062264,6.546139,0.008755,7.438330,25,2,4,19,23,36,399,0,0,44.493757,-158.623213,10458.596000,-4250622.784991,-1663814.592811,4454722.960429,22741760.000000,22741760.000000,22741760.000000,74.205124,41.313736,-179.833755,0.746590,0.564052,-0.282173,0.211724,32896,0.000000,0.000000,0.000000,0.000000,0.000000,0.000000,99.989998
558654868258,564476257000,564476257000,564476257000,559039931000,25,2,2,0,9,6,477,0,23.049999,101.737007,0.153822,0.550096,-0.062251,6.549255,0.001847,7.472364,25,2,4,19,23,36,399,0,0,44.493757,-158.623213,10458.596000,-4250622.784991,-1663814.592811,4454722.960429,22741760.000000,22741760.000000,22741760.000000,74.205215,41.311672,-179.834534,0.746593,0.564059,-0.282156,0.211719,32896,0.000000,0.000000,0.000000,0.000000,0.000000,0.000000,99.989998
558679149684,564501257000,564501257000,564501257000,559064931000,25,2,2,0,9,6,502,16,23.049999,101.737007,0.154068,0.551053,-0.063218,6.567332,0.023064,7.462349,25,2,4,19,23,36,399,0,0,44.493757,-158.623213,10458.596000,-4250622.784991,-1663814.592811,4454722.960429,22741760.000000,22741760.000000,22741760.000000,74.205276,41.311138,-179.835251,0.746593,0.564062,-0.282149,0.211721,26752,0.000000,0.000000,0.000000,0.000000,0.000000,0.000000,99.989998
558704475462,564526256000,564526256000,564526256000,559089930000,25,2,2,0,9,6,527,16,23.049999,101.737007,0.154302,0.551296,-0.063223,6.541596,0.013657,7.486552,25,2,4,19,23,36,399,0,0,44.493757,-158.623213,10458.596000,-4250622.784991,-1663814.592811,4454722.960429,22741760.000000,22741760.000000,22741760.000000,74.206383,41.310097,-179.835587,0.746589,0.564072,-0.282138,0.211721,26752,0.000000,0.000000,0.000000,0.000000,0.000000,0.000000,99.989998
558729770610,564551257000,564551257000,564551257000,559114931000,25,2,2,0,9,6,552,16,23.055000,101.737007,0.153375,0.551041,-0.063455,6.558517,0.003884,7.454190,25,2,4,19,23,36,600,0,0,44.493401,-158.622510,10458.463000,-4250628.114991,-1663876.802809,4454694.650430,22741936.000000,22741936.000000,22741936.000000,74.205368,41.311096,-179.837219,0.746589,0.564067,-0.282138,0.211734,57472,0.000000,0.000000,0.000000,0.000000,0.000000,0.000000,99.989998
558754224388,564576256000,564576256000,564576256000,559139930000,25,2,2,0,9,6,577,0,23.054998,101.741005,0.152463,0.552471,-0.063481,6.517661,0.018833,7.425190,25,2,4,19,23,36,600,0,0,44.493401,-158.622510,10458.463000,-4250628.114991,-1663876.802809,4454694.650430,22741936.000000,22741936.000000,22741936.000000,74.204445,41.311749,-179.838501,0.746589,0.564063,-0.282138,0.211743,57472,0.000000,0.000000,0.000000,0.000000,0.000000,0.000000,99.989998
558779510573,564601257000,564601257000,564601257000,559164931000,25,2,2,0,9,6,602,16,23.059998,101.737007,0.153377,0.551282,-0.063460,6.551089,0.014652,7.446967,25,2,4,19,23,36,600,0,0,44.493401,-158.622510,10458.463000,-4250628.114991,-1663876.802809,4454694.650430,22741936.000000,22741936.000000,22741936.000000,74.205734,41.311043,-179.837509,0.746587,0.564071,-0.282136,0.211736,24704,0.000000,0.000000,0.000000,0.000000,0.000000,0.000000,99.989998
558804820814,564626257000,564626257000,564626257000,559189931000,25,2,2,0,9,6,627,16,23.049999,101.737007,0.154775,0.551774,-0.064419,6.568376,0.003462,7.467929,25,2,4,19,23,36,600,0,0,44.493401,-158.622510,10458.463000,-4250628.114991,-1663876.802809,4454694.650430,22741936.000000,22741936.000000,22741936.000000,74.206383,41.308830,-179.837402,0.746589,0.564079,-0.282121,0.211726,24704,0.000000,0.000000,0.000000,0.000000,0.000000,0.000000,99.989998
558829067276,564651257000,564651257000,564651257000,559214931000,25,2,2,0,9,6,652,16,23.049999,101.749008,0.153842,0.551286,-0.063697,6.568945,0.039419,7.446986,25,2,4,19,23,36,600,0,0,44.493401,-158.622510,10458.463000,-4250628.114991,-1663876.802809,4454694.650430,22741936.000000,22741936.000000,22741936.000000,74.205582,41.307922,-179.839798,0.746591,0.564081,-0.282105,0.211736,57472,0.000000,0.000000,0.000000,0.000000,0.000000,0.000000,99.989998
558854359888,564676257000,564676257000,564676257000,559239931000,25,2,2,0,9,6,677,0,23.054998,101.741005,0.153598,0.550570,-0.062734,6.539304,0.032737,7.477753,25,2,4,19,23,36,600,0,0,44.493401,-158.622510,10458.463000,-4250628.114991,-1663876.802809,4454694.650430,22741936.000000,22741936.000000,22741936.000000,74.205559,41.307491,-179.839340,0.746593,0.564081,-0.282104,0.211730,57472,0.000000,0.000000,0.000000,0.000000,0.000000,0.000000,99.989998
558879679499,564701257000,564701257000,564701257000,559264931000,25,2,2,0,9,6,702,16,23.049999,101.749008,0.154073,0.551776,-0.062993,6.559545,0.009140,7.431922,25,2,4,19,23,36,600,0,0,44.493401,-158.622510,10458.463000,-4250628.114991,-1663876.802809,4454694.650430,22741936.000000,22741936.000000,22741936.000000,74.205780,41.306587,-179.838989,0.746594,0.564083,-0.282100,0.211724,57472,0.000000,0.000000,0.000000,0.000000,0.000000,0.000000,99.989998
558903941925,564726257000,564726257000,564726257000,559289931000,25,2,2,0,9,6,727,16,23.049999,101.749008,0.152905,0.550802,-0.062501,6.532115,0.018867,7.438823,25,2,4,19,23,36,600,0,0,44.493401,-158.622510,10458.463000,-4250628.114991,-1663876.802809,4454694.650430,22741936.000000,22741936.000000,22741936.000000,74.204552,41.306152,-179.838196,0.746603,0.564074,-0.282103,0.211714,24704,0.000000,0.000000,0.000000,0.000000,0.000000,0.000000,99.989998
558929234906,564751257000,564751257000,564751257000,559314931000,25,2,2,0,9,6,752,16,23.049999,101.749008,0.153832,0.550813,-0.062739,6.559721,0.022925,7.462116,25,2,4,19,23,36,800,0,0,44.493046,-158.621807,10458.330000,-4250633.434991,-1663939.012808,4454666.330430,22742110.000000,22742108.000000,22742110.000000,74.206459,41.307076,-179.835785,0.746596,0.564078,-0.282117,0.211707,24704,0.000000,0.000000,0.000000,0.000000,0.000000,0.000000,99.989998
558954543721,564776257000,564776257000,564776257000,559339931000,25,2,2,0,9,6,777,0,23.049999,101.749008,0.154316,0.552980,-0.063015,6.546955,0.044096,7.477469,25,2,4,19,23,36,800,0,0,44.493046,-158.621807,10458.330000,-4250633.434991,-1663939.012808,4454666.330430,22742110.000000,22742108.000000,22742110.000000,74.205948,41.308067,-179.835190,0.746597,0.564072,-0.282128,0.211707,41088,0.000000,0.000000,0.000000,0.000000,0.000000,0.000000,99.989998
558978790128,564801257000,564801257000,564801257000,559364931000,25,2,2,0,9,6,802,16,23.049999,101.749008,0.153854,0.552486,-0.063956,6.540905,0.013659,7.476275,25,2,4,19,23,36,800,0,0,44.493046,-158.621807,10458.330000,-4250633.434991,-1663939.012808,4454666.330430,22742110.000000,22742108.000000,22742110.000000,74.207733,41.307400,-179.833221,0.746594,0.564080,-0.282130,0.211695,41088,0.000000,0.000000,0.000000,0.000000,0.000000,0.000000,99.989998
559004092739,564826256000,564826256000,564826256000,559389930000,25,2,2,0,9,6,827,16,23.049999,101.749008,0.153597,0.550327,-0.062968,6.540601,0.043860,7.442052,25,2,4,19,23,36,800,0,0,44.493046,-158.621807,10458.330000,-4250633.434991,-1663939.012808,4454666.330430,22742110.000000,22742108.000000,22742110.000000,74.206841,41.307953,-179.834854,0.746594,0.564077,-0.282127,0.211707,26752,0.000000,0.000000,0.000000,0.000000,0.000000,0.000000,99.989998
559029409776,564851257000,564851257000,564851257000,559414931000,25,2,2,0,9,6,852,16,23.049999,101.737007,0.152935,0.552950,-0.064440,6.555027,0.020551,7.428378,25,2,4,19,23,36,800,0,0,44.493046,-158.621807,10458.330000,-4250633.434991,-1663939.012808,4454666.330430,22742110.000000,22742108.000000,22742110.000000,74.208755,41.307316,-179.833527,0.746588,0.564087,-0.282126,0.211700,26752,0.000000,0.000000,0.000000,0.000000,0.000000,0.000000,99.989998
559054718258,564876256000,564876256000,564876256000,559439930000,25,2,2,0,9,6,877,0,23.049999,101.737007,0.153611,0.551769,-0.062993,6.536460,0.026540,7.448021,25,2,4,19,23,36,800,0,0,44.493046,-158.621807,10458.330000,-4250633.434991,-1663939.012808,4454666.330430,22742110.000000,22742108.000000,22742110.000000,74.210434,41.307163,-179.831635,0.746584,0.564094,-0.282131,0.211691,39040,0.000000,0.000000,0.000000,0.000000,0.000000,0.000000,99.989998
559080026221,564901257000,564901257000,564901257000,559464931000,25,2,2,0,9,6,902,16,23.049999,101.737007,0.154304,0.551536,-0.063227,6.546919,0.027075,7.445557,25,2,4,19,23,36,800,0,0,44.493046,-158.621807,10458.330000,-4250633.434991,-1663939.012808,4454666.330430,22742110.000000,22742108.000000,22742110.000000,74.210602,41.305832,-179.831390,0.746587,0.564097,-0.282123,0.211683,39040,0.000000,0.000000,0.000000,0.000000,0.000000,0.000000,99.989998
559104280480,564926256000,564926256000,564926256000,559489930000,25,2,2,0,9,6,927,16,23.049999,101.737007,0.153142,0.550798,-0.063451,6.550450,0.028563,7.439288,25,2,4,19,23,36,800,0,0,44.493046,-158.621807,10458.330000,-4250633.434991,-1663939.012808,4454666.330430,22742110.000000,22742108.000000,22742110.000000,74.210068,41.306259,-179.832443,0.746586,0.564095,-0.282122,0.211690,128,0.000000,0.000000,0.000000,0.000000,0.000000,0.000000,99.989998
559130639128,564951257000,564951257000,564951257000,559514931000,25,2,2,0,9,6,952,16,23.065001,101.753006,0.154083,0.552493,-0.063481,6.530416,0.024456,7.430905,25,2,4,19,23,37,0,0,0,44.492690,-158.621105,10458.198000,-4250638.764991,-1664001.222807,4454638.010431,22742284.000000,22742286.000000,22742284.000000,74.209877,41.307907,-179.833496,0.746581,0.564094,-0.282128,0.211705,128,0.000000,0.000000,0.000000,0.000000,0.000000,0.000000,99.989998
559153829869,564976257000,564976257000,564976257000,559539931000,25,2,2,0,9,6,977,0,23.049999,101.737007,0.154543,0.551528,-0.064652,6.562003,0.037656,7.443013,25,2,4,19,23,37,0,0,0,44.492690,-158.621105,10458.198000,-4250638.764991,-1664001.222807,4454638.010431,22742284.000000,22742286.000000,22742284.000000,74.209877,41.308990,-179.832657,0.746580,0.564089,-0.282139,0.211705,32896,0.000000,0.000000,0.000000,0.000000,0.000000,0.000000,99.989998
559180174869,565001257000,565001257000,565001257000,559564931000,25,2,2,0,9,7,2,16,23.049999,101.737007,0.154084,0.551760,-0.064894,6.547484,0.037509,7.461987,25,2,4,19,23,37,0,0,0,44.492690,-158.621105,10458.198000,-4250638.764991,-1664001.222807,4454638.010431,22742284.000000,22742286.000000,22742284.000000,74.209602,41.309658,-179.832581,0.746580,0.564086,-0.282144,0.211707,32896,0.000000,0.000000,0.000000,0.000000,0.000000,0.000000,99.989998
559204444091,565026257000,565026257000,565026257000,559589931000,25,2,2,0,9,7,27,16,23.049999,101.737007,0.153374,0.550799,-0.063689,6.545796,0.032505,7.474318,25,2,4,19,23,37,0,0,0,44.492690,-158.621105,10458.198000,-4250638.764991,-1664001.222807,4454638.010431,22742284.000000,22742286.000000,22742284.000000,74.210121,41.309429,-179.832535,0.746578,0.564090,-0.282142,0.211707,128,0.000000,0.000000,0.000000,0.000000,0.000000,0.000000,99.989998
559229792628,565051257000,565051257000,565051257000,559614931000,25,2,2,0,9,7,52,16,23.049999,101.737007,0.153376,0.551283,-0.063222,6.555184,0.037396,7.440360,25,2,4,19,23,37,0,0,0,44.492690,-158.621105,10458.198000,-4250638.764991,-1664001.222807,4454638.010431,22742284.000000,22742286.000000,22742284.000000,74.209702,41.307198,-179.833267,0.746584,0.564093,-0.282124,0.211700,128,0.000000,0.000000,0.000000,0.000000,0.000000,0.000000,99.989998
559254081184,565076257000,565076257000,565076257000,559639931000,25,2,2,0,9,7,77,0,23.049999,101.749008,0.153374,0.551043,-0.063218,6.544837,0.024855,7.396936,25,2,4,19,23,37,0,0,0,44.492690,-158.621105,10458.198000,-4250638.764991,-1664001.222807,4454638.010431,22742284.000000,22742286.000000,22742284.000000,74.209251,41.306828,-179.832642,0.746588,0.564089,-0.282126,0.211693,32896,0.000000,0.000000,0.000000,0.000000,0.000000,0.000000,99.989998
559280484017,565101257000,565101257000,565101257000,559664931000,25,2,2,0,9,7,102,16,23.049999,101.737007,0.155230,0.551061,-0.064169,6.559455,0.020402,7.442656,25,2,4,19,23,37,0,0,0,44.492690,-158.621105,10458.198000,-4250638.764991,-1664001.222807,4454638.010431,22742284.000000,22742286.000000,22742284.000000,74.208435,41.308002,-179.833649,0.746588,0.564084,-0.282130,0.211703,32896,0.000000,0.000000,0.000000,0.000000,0.000000,0.000000,99.989998
559304766628,565126256000,565126256000,565126256000,559689930000,25,2,2,0,9,7,127,16,23.059999,101.741005,0.153379,0.551036,-0.064168,6.547529,0.029209,7.454305,25,2,4,19,23,37,0,0,0,44.492690,-158.621105,10458.198000,-4250638.764991,-1664001.222807,4454638.010431,22742284.000000,22742286.000000,22742284.000000,74.207054,41.308590,-179.834747,0.746591,0.564077,-0.282131,0.211710,128,0.000000,0.000000,0.000000,0.000000,0.000000,0.000000,99.989998
559330086091,565151257000,565151257000,565151257000,559714931000,25,2,2,0,9,7,152,16,23.049999,101.737007,0.154072,0.551535,-0.062989,6.556776,0.005679,7.467229,25,2,4,19,23,37,200,0,0,44.492335,-158.620402,10458.065000,-4250644.094991,-1664063.422805,4454609.690432,22742460.000000,22742460.000000,22742458.000000,74.207001,41.308243,-179.835312,0.746591,0.564079,-0.282126,0.211711,128,0.000000,0.000000,0.000000,0.000000,0.000000,0.000000,99.989998
559355399739,565176256000,565176256000,565176256000,559739930000,25,2,2,0,9,7,177,0,23.049999,101.737007,0.153146,0.551036,-0.063693,6.531811,0.013988,7.437285,25,2,4,19,23,37,200,0,0,44.492335,-158.620402,10458.065000,-4250644.094991,-1664063.422805,4454609.690432,22742460.000000,22742460.000000,22742458.000000,74.206123,41.308868,-179.836685,0.746591,0.564075,-0.282125,0.211721,53376,0.000000,0.000000,0.000000,0.000000,0.000000,0.000000,99.989998
559379656424,565201257000,565201257000,565201257000,559764931000,25,2,2,0,9,7,202,16,23.049999,101.737007,0.154997,0.551061,-0.063694,6.543378,0.026745,7.431234,25,2,4,19,23,37,200,0,0,44.492335,-158.620402,10458.065000,-4250644.094991,-1664063.422805,4454609.690432,22742460.000000,22742460.000000,22742458.000000,74.204773,41.310234,-179.839783,0.746589,0.564071,-0.282121,0.211745,53376,0.000000,0.000000,0.000000,0.000000,0.000000,0.000000,99.989998
559404964647,565226257000,565226257000,565226257000,559789931000,25,2,2,0,9,7,227,16,23.049999,101.749008,0.154062,0.550331,-0.063205,6.536661,0.024281,7.461726,25,2,4,19,23,37,200,0,0,44.492335,-158.620402,10458.065000,-4250644.094991,-1664063.422805,4454609.690432,22742460.000000,22742460.000000,22742458.000000,74.206116,41.308266,-179.838440,0.746590,0.564081,-0.282113,0.211730,2176,0.000000,0.000000,0.000000,0.000000,0.000000,0.000000,99.989998
559430272276,565251257000,565251257000,565251257000,559814931000,25,2,2,0,9,7,252,16,23.055000,101.737007,0.153848,0.551520,-0.064414,6.543711,0.040499,7.450152,25,2,4,19,23,37,200,0,0,44.492335,-158.620402,10458.065000,-4250644.094991,-1664063.422805,4454609.690432,22742460.000000,22742460.000000,22742458.000000,74.207718,41.307293,-179.836777,0.746587,0.564089,-0.282112,0.211718,2176,0.000000,0.000000,0.000000,0.000000,0.000000,0.000000,99.989998
559454527480,565276257000,565276257000,565276257000,559839931000,25,2,2,0,9,7,277,0,23.049999,101.749008,0.154789,0.552729,-0.065148,6.526702,0.037669,7.418246,25,2,4,19,23,37,200,0,0,44.492335,-158.620402,10458.065000,-4250644.094991,-1664063.422805,4454609.690432,22742460.000000,22742460.000000,22742458.000000,74.206337,41.304913,-179.837234,0.746599,0.564085,-0.282096,0.211706,2176,0.000000,0.000000,0.000000,0.000000,0.000000,0.000000,99.989998
559479853813,565301257000,565301257000,565301257000,559864931000,25,2,2,0,9,7,302,16,23.049999,101.749008,0.155234,0.551057,-0.064644,6.548272,-0.003341,7.485442,25,2,4,19,23,37,200,0,0,44.492335,-158.620402,10458.065000,-4250644.094991,-1664063.422805,4454609.690432,22742460.000000,22742460.000000,22742458.000000,74.206253,41.304688,-179.837006,0.746600,0.564085,-0.282096,0.211703,41088,0.000000,0.000000,0.000000,0.000000,0.000000,0.000000,99.989998
559505190832,565326257000,565326257000,565326257000,559889931000,25,2,2,0,9,7,327,16,23.049999,101.749008,0.154064,0.550085,-0.063913,6.555914,0.024054,7.423457,25,2,4,19,23,37,200,0,0,44.492335,-158.620402,10458.065000,-4250644.094991,-1664063.422805,4454609.690432,22742460.000000,22742460.000000,22742458.000000,74.206421,41.304485,-179.837189,0.746600,0.564086,-0.282094,0.211704,41088,0.000000,0.000000,0.000000,0.000000,0.000000,0.000000,99.989998
559529476480,565351257000,565351257000,565351257000,559914931000,25,2,2,0,9,7,352,16,23.055000,101.737007,0.153387,0.551512,-0.064651,6.535354,0.004680,7.455062,25,2,4,19,23,37,399,0,0,44.491979,-158.619699,10457.932000,-4250649.414991,-1664125.632804,4454581.370432,22742636.000000,22742636.000000,22742634.000000,74.205017,41.305511,-179.838165,0.746602,0.564078,-0.282098,0.211712,26752,0.000000,0.000000,0.000000,0.000000,0.000000,0.000000,99.989998
559554814813,565376257000,565376257000,565376257000,559939931000,25,2,2,0,9,7,377,0,23.049999,101.737007,0.154075,0.551531,-0.063464,6.556439,0.003318,7.422506,25,2,4,19,23,37,399,0,0,44.491979,-158.619699,10457.932000,-4250649.414991,-1664125.632804,4454581.370432,22742636.000000,22742636.000000,22742634.000000,74.205223,41.304642,-179.838028,0.746604,0.564080,-0.282093,0.211707,26752,0.000000,0.000000,0.000000,0.000000,0.000000,0.000000,99.989998
559580146591,565401257000,565401257000,565401257000,559964931000,25,2,2,0,9,7,402,16,23.049999,101.737007,0.154078,0.552744,-0.062060,6.527487,0.032773,7.453931,25,2,4,19,23,37,399,0,0,44.491979,-158.619699,10457.932000,-4250649.414991,-1664125.632804,4454581.370432,22742636.000000,22742636.000000,22742634.000000,74.203934,41.303921,-179.839005,0.746610,0.564076,-0.282086,0.211707,57472,0.000000,0.000000,0.000000,0.000000,0.000000,0.000000,99.989998
559604413128,565426256000,565426256000,565426256000,559989930000,25,2,2,0,9,7,427,16,23.059999,101.741005,0.155010,0.551773,-0.064894,6.553585,0.012875,7.466811,25,2,4,19,23,37,399,0,0,44.491979,-158.619699,10457.932000,-4250649.414991,-1664125.632804,4454581.370432,22742636.000000,22742636.000000,22742634.000000,74.204445,41.302959,-179.838272,0.746611,0.564079,-0.282082,0.211698,57472,0.000000,0.000000,0.000000,0.000000,0.000000,0.000000,99.989998
559629727776,565451257000,565451257000,565451257000,560014931000,25,2,2,0,9,7,452,16,23.049999,101.749008,0.154536,0.551539,-0.063227,6.543475,0.020418,7.472468,25,2,4,19,23,37,399,0,0,44.491979,-158.619699,10457.932000,-4250649.414991,-1664125.632804,4454581.370432,22742636.000000,22742636.000000,22742634.000000,74.202881,41.303459,-179.839874,0.746615,0.564072,-0.282080,0.211707,24704,0.000000,0.000000,0.000000,0.000000,0.000000,0.000000,99.989998
559655041220,565476257000,565476257000,565476257000,560039931000,25,2,2,0,9,7,477,0,23.065002,101.737007,0.153606,0.551290,-0.062747,6.534467,0.013019,7.425261,25,2,4,19,23,37,399,0,0,44.491979,-158.619699,10457.932000,-4250649.414991,-1664125.632804,4454581.370432,22742636.000000,22742636.000000,22742634.000000,74.203125,41.303825,-179.840027,0.746612,0.564073,-0.282081,0.211711,24704,0.000000,0.000000,0.000000,0.000000,0.000000,0.000000,99.989998
559679299165,565501257000,565501257000,565501257000,560064931000,25,2,2,0,9,7,502,16,23.049999,101.737007,0.155226,0.551798,-0.062044,6.525875,0.006168,7.455257,25,2,4,19,23,37,399,0,0,44.491979,-158.619699,10457.932000,-4250649.414991,-1664125.632804,4454581.370432,22742636.000000,22742636.000000,22742634.000000,74.203209,41.304668,-179.839935,0.746610,0.564072,-0.282087,0.211715,57472,0.000000,0.000000,0.000000,0.000000,0.000000,0.000000,99.989998
559704608128,565526257000,565526257000,565526257000,560089931000,25,2,2,0,9,7,527,16,23.049999,101.737007,0.153853,0.552001,-0.064423,6.548662,0.032769,7.435791,25,2,4,19,23,37,600,0,0,44.491624,-158.618996,10457.800000,-4250654.744990,-1664187.842803,4454553.040433,22742810.000000,22742808.000000,22742812.000000,74.202812,41.304638,-179.840118,0.746612,0.564070,-0.282087,0.211715,57472,0.000000,0.000000,0.000000,0.000000,0.000000,0.000000,99.989998
559729916591,565551257000,565551257000,565551257000,560114931000,25,2,2,0,9,7,552,16,23.049999,101.737007,0.154076,0.552018,-0.062760,6.536503,0.035283,7.430690,25,2,4,19,23,37,600,0,0,44.491624,-158.618996,10457.800000,-4250654.744990,-1664187.842803,4454553.040433,22742810.000000,22742808.000000,22742812.000000,74.203430,41.304596,-179.839798,0.746609,0.564073,-0.282087,0.211714,57472,0.000000,0.000000,0.000000,0.000000,0.000000,0.000000,99.989998
559755219998,565576257000,565576257000,565576257000,560139931000,25,2,2,0,9,7,577,0,23.049999,101.737007,0.154077,0.551285,-0.064173,6.556560,0.015425,7.463819,25,2,4,19,23,37,600,0,0,44.491624,-158.618996,10457.800000,-4250654.744990,-1664187.842803,4454553.040433,22742810.000000,22742808.000000,22742812.000000,74.203117,41.303787,-179.840775,0.746611,0.564075,-0.282078,0.211715,24704,0.000000,0.000000,0.000000,0.000000,0.000000,0.000000,99.989998
559779463017,565601257000,565601257000,565601257000,560164931000,25,2,2,0,9,7,602,16,23.049999,101.737007,0.154068,0.550324,-0.064156,6.541137,0.006062,7.461567,25,2,4,19,23,37,600,0,0,44.491624,-158.618996,10457.800000,-4250654.744990,-1664187.842803,4454553.040433,22742810.000000,22742808.000000,22742812.000000,74.202446,41.303978,-179.841461,0.746613,0.564072,-0.282077,0.211719,24704,0.000000,0.000000,0.000000,0.000000,0.000000,0.000000,99.989998
559804761257,565626256000,565626256000,565626256000,560189930000,25,2,2,0,9,7,627,16,23.049999,101.749008,0.154303,0.551540,-0.062752,6.544694,-0.011856,7.455128,25,2,4,19,23,37,600,0,0,44.491624,-158.618996,10457.800000,-4250654.744990,-1664187.842803,4454553.040433,22742810.000000,22742808.000000,22742812.000000,74.202881,41.304264,-179.842392,0.746608,0.564077,-0.282073,0.211728,41088,0.000000,0.000000,0.000000,0.000000,0.000000,0.000000,99.989998
559830059498,565651257000,565651257000,565651257000,560214931000,25,2,2,0,9,7,652,16,23.049999,101.737007,0.153593,0.550823,-0.061076,6.543367,0.024120,7.446806,25,2,4,19,23,37,600,0,0,44.491624,-158.618996,10457.800000,-4250654.744990,-1664187.842803,4454553.040433,22742810.000000,22742808.000000,22742812.000000,74.202072,41.305256,-179.843826,0.746607,0.564073,-0.282074,0.211740,41088,0.000000,0.000000,0.000000,0.000000,0.000000,0.000000,99.989998
559854303757,565676256000,565676256000,565676256000,560239930000,25,2,2,0,9,7,677,0,23.049999,101.749008,0.154310,0.551773,-0.063706,6.553174,0.019987,7.419961,25,2,4,19,23,37,600,0,0,44.491624,-158.618996,10457.800000,-4250654.744990,-1664187.842803,4454553.040433,22742810.000000,22742808.000000,22742812.000000,74.202652,41.306366,-179.842758,0.746603,0.564072,-0.282085,0.211740,26752,0.000000,0.000000,0.000000,0.000000,0.000000,0.000000,99.989998
559879601924,565701257000,565701257000,565701257000,560264931000,25,2,2,0,9,7,702,16,23.049999,101.737007,0.153850,0.552007,-0.063711,6.532275,0.013598,7.470163,25,2,4,19,23,37,600,0,0,44.491624,-158.618996,10457.800000,-4250654.744990,-1664187.842803,4454553.040433,22742810.000000,22742808.000000,22742812.000000,74.202942,41.306881,-179.842209,0.746602,0.564072,-0.282091,0.211740,26752,0.000000,0.000000,0.000000,0.000000,0.000000,0.000000,99.989998
559904900572,565726257000,565726257000,565726257000,560289931000,25,2,2,0,9,7,727,16,23.049999,101.749008,0.153613,0.551525,-0.063464,6.539711,0.004612,7.450249,25,2,4,19,23,37,600,0,0,44.491624,-158.618996,10457.800000,-4250654.744990,-1664187.842803,4454553.040433,22742810.000000,22742808.000000,22742812.000000,74.204056,41.307560,-179.842056,0.746595,0.564077,-0.282094,0.211745,39040,0.000000,0.000000,0.000000,0.000000,0.000000,0.000000,99.989998
559929144757,565751257000,565751257000,565751257000,560314931000,25,2,2,0,9,7,752,16,23.065001,101.741005,0.153860,0.551992,-0.065610,6.563793,0.004301,7.445827,25,2,4,19,23,37,800,0,0,44.491268,-158.618294,10457.667000,-4250660.074990,-1664250.052801,4454524.720434,22742984.000000,22742984.000000,22742984.000000,74.204201,41.306847,-179.841675,0.746597,0.564079,-0.282091,0.211739,39040,0.000000,0.000000,0.000000,0.000000,0.000000,0.000000,99.989998
559954443591,565776257000,565776257000,565776257000,560339931000,25,2,2,0,9,7,777,0,23.049999,101.749008,0.154298,0.551059,-0.062744,6.541327,0.018658,7.468257,25,2,4,19,23,37,800,0,0,44.491268,-158.618294,10457.667000,-4250660.074990,-1664250.052801,4454524.720434,22742984.000000,22742984.000000,22742984.000000,74.203278,41.307213,-179.843109,0.746598,0.564076,-0.282088,0.211748,20608,0.000000,0.000000,0.000000,0.000000,0.000000,0.000000,99.989998
559979742368,565801257000,565801257000,565801257000,560364931000,25,2,2,0,9,7,802,16,23.049999,101.737007,0.154552,0.551761,-0.065607,6.554782,0.023736,7.472211,25,2,4,19,23,37,800,0,0,44.491268,-158.618294,10457.667000,-4250660.074990,-1664250.052801,4454524.720434,22742984.000000,22742984.000000,22742984.000000,74.202385,41.305565,-179.843536,0.746605,0.564074,-0.282077,0.211740,20608,0.000000,0.000000,0.000000,0.000000,0.000000,0.000000,99.989998
560005041183,565826256000,565826256000,565826256000,560389930000,25,2,2,0,9,7,827,16,23.049999,101.737007,0.154079,0.551526,-0.064177,6.563278,0.000193,7.482382,25,2,4,19,23,37,800,0,0,44.491268,-158.618294,10457.667000,-4250660.074990,-1664250.052801,4454524.720434,22742984.000000,22742984.000000,22742984.000000,74.201431,41.304646,-179.843704,0.746612,0.564070,-0.282072,0.211735,32896,0.000000,0.000000,0.000000,0.000000,0.000000,0.000000,99.989998
560029284924,565851257000,565851257000,565851257000,560414931000,25,2,2,0,9,7,852,16,23.049999,101.737007,0.155006,0.552997,-0.062066,6.554501,0.010207,7.420308,25,2,4,19,23,37,800,0,0,44.491268,-158.618294,10457.667000,-4250660.074990,-1664250.052801,4454524.720434,22742984.000000,22742984.000000,22742984.000000,74.201645,41.303844,-179.843506,0.746613,0.564072,-0.282067,0.211730,32896,0.000000,0.000000,0.000000,0.000000,0.000000,0.000000,99.989998
560054582646,565876257000,565876257000,565876257000,560439931000,25,2,2,0,9,7,877,0,23.049999,101.749008,0.154074,0.550803,-0.064402,6.546230,0.010484,7.465846,25,2,4,19,23,37,800,0,0,44.491268,-158.618294,10457.667000,-4250660.074990,-1664250.052801,4454524.720434,22742984.000000,22742984.000000,22742984.000000,74.200523,41.304943,-179.845367,0.746613,0.564067,-0.282067,0.211745,14464,0.000000,0.000000,0.000000,0.000000,0.000000,0.000000,99.989998
560079895591,565901257000,565901257000,565901257000,560464931000,25,2,2,0,9,7,902,16,23.049999,101.737007,0.154069,0.550810,-0.063452,6.556596,-0.003557,7.486645,25,2,4,19,23,37,800,0,0,44.491268,-158.618294,10457.667000,-4250660.074990,-1664250.052801,4454524.720434,22742984.000000,22742984.000000,22742984.000000,74.198990,41.305054,-179.847000,0.746617,0.564061,-0.282063,0.211752,14464,0.000000,0.000000,0.000000,0.000000,0.000000,0.000000,99.989998
560104164516,565926256000,565926256000,565926256000,560489930000,25,2,2,0,9,7,927,16,23.059998,101.737007,0.154762,0.549603,-0.065331,6.556414,0.029200,7.455334,25,2,4,19,23,37,800,0,0,44.491268,-158.618294,10457.667000,-4250660.074990,-1664250.052801,4454524.720434,22742984.000000,22742984.000000,22742984.000000,74.197762,41.304260,-179.847977,0.746623,0.564057,-0.282055,0.211752,59520,0.000000,0.000000,0.000000,0.000000,0.000000,0.000000,99.989998
560129484609,565951257000,565951257000,565951257000,560514931000,25,2,2,0,9,7,952,16,23.049999,101.737007,0.154769,0.552029,-0.062523,6.540845,0.029403,7.436913,25,2,4,19,23,38,0,0,0,44.490913,-158.617591,10457.534000,-4250665.404990,-1664312.262800,4454496.390434,22743160.000000,22743160.000000,22743160.000000,74.197105,41.304428,-179.847305,0.746627,0.564051,-0.282061,0.211746,59520,0.000000,0.000000,0.000000,0.000000,0.000000,0.000000,99.989998
560154802128,565976257000,565976257000,565976257000,560539931000,25,2,2,0,9,7,977,0,23.049999,101.737007,0.153608,0.552017,-0.062047,6.551054,0.030882,7.482361,25,2,4,19,23,38,0,0,0,44.490913,-158.617591,10457.534000,-4250665.404990,-1664312.262800,4454496.390434,22743160.000000,22743160.000000,22743160.000000,74.197647,41.303696,-179.846756,0.746627,0.564054,-0.282058,0.211741,6272,0.000000,0.000000,0.000000,0.000000,0.000000,0.000000,99.989998
560179060239,566001257000,566001257000,566001257000,560564931000,25,2,2,0,9,8,2,16,23.049999,101.737007,0.153848,0.551764,-0.063943,6.553586,0.009231,7.487739,25,2,4,19,23,38,0,0,0,44.490913,-158.617591,10457.534000,-4250665.404990,-1664312.262800,4454496.390434,22743160.000000,22743160.000000,22743160.000000,74.197342,41.304123,-179.847351,0.746626,0.564053,-0.282058,0.211746,6272,0.000000,0.000000,0.000000,0.000000,0.000000,0.000000,99.989998
560204381461,566026256000,566026256000,566026256000,560589930000,25,2,2,0,9,8,27,16,23.049999,101.737007,0.154525,0.550824,-0.062501,6.546826,0.041122,7.487816,25,2,4,19,23,38,0,0,0,44.490913,-158.617591,10457.534000,-4250665.404990,-1664312.262800,4454496.390434,22743160.000000,22743160.000000,22743160.000000,74.196930,41.303741,-179.846741,0.746631,0.564049,-0.282059,0.211739,53376,0.000000,0.000000,0.000000,0.000000,0.000000,0.000000,99.989998
560229705405,566051257000,566051257000,566051257000,560614931000,25,2,2,0,9,8,52,16,23.049999,101.737007,0.154302,0.551298,-0.062985,6.565559,0.017713,7.467990,25,2,4,19,23,38,0,0,0,44.490913,-158.617591,10457.534000,-4250665.404990,-1664312.262800,4454496.390434,22743160.000000,22743160.000000,22743160.000000,74.198524,41.303978,-179.845352,0.746625,0.564056,-0.282065,0.211735,53376,0.000000,0.000000,0.000000,0.000000,0.000000,0.000000,99.989998
560253972368,566076256000,566076256000,566076256000,560639930000,25,2,2,0,9,8,77,0,23.049999,101.749008,0.154302,0.551054,-0.063456,6.530182,0.035522,7.491706,25,2,4,19,23,38,0,0,0,44.490913,-158.617591,10457.534000,-4250665.404990,-1664312.262800,4454496.390434,22743160.000000,22743160.000000,22743160.000000,74.198425,41.304195,-179.845413,0.746625,0.564055,-0.282066,0.211736,53376,0.000000,0.000000,0.000000,0.000000,0.000000,0.000000,99.989998
560279290924,566101257000,566101257000,566101257000,560664931000,25,2,2,0,9,8,102,16,23.049999,101.737007,0.154081,0.552740,-0.062536,6.548160,0.031989,7.502283,25,2,4,19,23,38,0,0,0,44.490913,-158.617591,10457.534000,-4250665.404990,-1664312.262800,4454496.390434,22743160.000000,22743160.000000,22743160.000000,74.197662,41.303036,-179.847565,0.746627,0.564058,-0.282049,0.211743,26752,0.000000,0.000000,0.000000,0.000000,0.000000,0.000000,99.989998
560304610572,566126257000,566126257000,566126257000,560689931000,25,2,2,0,9,8,127,16,23.049999,101.737007,0.154305,0.551536,-0.063227,6.535678,0.008463,7.429863,25,2,4,19,23,38,0,0,0,44.490913,-158.617591,10457.534000,-4250665.404990,-1664312.262800,4454496.390434,22743160.000000,22743160.000000,22743160.000000,74.198212,41.302776,-179.847168,0.746626,0.564061,-0.282049,0.211740,26752,0.000000,0.000000,0.000000,0.000000,0.000000,0.000000,99.989998
560328877239,566151257000,566151257000,566151257000,560714931000,25,2,2,0,9,8,152,16,23.065001,101.741005,0.154074,0.551289,-0.063698,6.519129,0.032247,7.456099,25,2,4,19,23,38,200,0,0,44.490557,-158.616888,10457.402000,-4250670.734990,-1664374.472798,4454468.060435,22743334.000000,22743332.000000,22743332.000000,74.197601,41.302654,-179.847473,0.746629,0.564058,-0.282047,0.211740,39040,0.000000,0.000000,0.000000,0.000000,0.000000,0.000000,99.989998
560354183016,566176257000,566176257000,566176257000,560739931000,25,2,2,0,9,8,177,0,23.049999,101.749008,0.154078,0.551528,-0.063940,6.546247,0.020633,7.447035,25,2,4,19,23,38,200,0,0,44.490557,-158.616888,10457.402000,-4250670.734990,-1664374.472798,4454468.060435,22743334.000000,22743332.000000,22743332.000000,74.197670,41.301872,-179.847610,0.746630,0.564060,-0.282041,0.211737,39040,0.000000,0.000000,0.000000,0.000000,0.000000,0.000000,99.989998
560379486072,566201257000,566201257000,566201257000,560764931000,25,2,2,0,9,8,202,16,23.049999,101.749008,0.154306,0.551050,-0.063931,6.554186,0.039199,7.441818,25,2,4,19,23,38,200,0,0,44.490557,-158.616888,10457.402000,-4250670.734990,-1664374.472798,4454468.060435,22743334.000000,22743332.000000,22743332.000000,74.198532,41.302608,-179.846161,0.746627,0.564061,-0.282052,0.211734,128,0.000000,0.000000,0.000000,0.000000,0.000000,0.000000,99.989998
560404781053,566226256000,566226256000,566226256000,560789930000,25,2,2,0,9,8,227,16,23.049999,101.737007,0.154070,0.551783,-0.062044,6.529510,0.008473,7.470085,25,2,4,19,23,38,200,0,0,44.490557,-158.616888,10457.402000,-4250670.734990,-1664374.472798,4454468.060435,22743334.000000,22743332.000000,22743332.000000,74.199028,41.302822,-179.844971,0.746626,0.564061,-0.282058,0.211728,128,0.000000,0.000000,0.000000,0.000000,0.000000,0.000000,99.989998
560429016942,566251257000,566251257000,566251257000,560814931000,25,2,2,0,9,8,252,16,23.055000,101.737007,0.154762,0.551064,-0.062981,6.545957,0.020341,7.452000,25,2,4,19,23,38,200,0,0,44.490557,-158.616888,10457.402000,-4250670.734990,-1664374.472798,4454468.060435,22743334.000000,22743332.000000,22743332.000000,74.199280,41.301727,-179.844177,0.746629,0.564062,-0.282054,0.211718,32896,0.000000,0.000000,0.000000,0.000000,0.000000,0.000000,99.989998
560454311294,566276257000,566276257000,566276257000,560839931000,25,2,2,0,9,8,277,0,23.049999,101.749008,0.154303,0.552271,-0.061577,6.544521,0.013763,7.465364,25,2,4,19,23,38,200,0,0,44.490557,-158.616888,10457.402000,-4250670.734990,-1664374.472798,4454468.060435,22743334.000000,22743332.000000,22743332.000000,74.199806,41.300774,-179.843842,0.746629,0.564067,-0.282049,0.211713,32896,0.000000,0.000000,0.000000,0.000000,0.000000,0.000000,99.989998
560479614442,566301257000,566301257000,566301257000,560864931000,25,2,2,0,9,8,302,16,23.049999,101.737007,0.153857,0.552484,-0.064194,6.563022,0.023514,7.446730,25,2,4,19,23,38,200,0,0,44.490557,-158.616888,10457.402000,-4250670.734990,-1664374.472798,4454468.060435,22743334.000000,22743332.000000,22743332.000000,74.200539,41.301453,-179.842941,0.746625,0.564068,-0.282056,0.211712,128,0.000000,0.000000,0.000000,0.000000,0.000000,0.000000,99.989998
560503873275,566326257000,566326257000,566326257000,560889931000,25,2,2,0,9,8,327,16,23.049999,101.749008,0.153853,0.552245,-0.063952,6.545251,0.021741,7.432064,25,2,4,19,23,38,200,0,0,44.490557,-158.616888,10457.402000,-4250670.734990,-1664374.472798,4454468.060435,22743334.000000,22743332.000000,22743332.000000,74.201248,41.300751,-179.843155,0.746623,0.564074,-0.282049,0.211712,128,0.000000,0.000000,0.000000,0.000000,0.000000,0.000000,99.989998
560529179664,566351257000,566351257000,566351257000,560914931000,25,2,2,0,9,8,352,16,23.049999,101.749008,0.154526,0.551068,-0.062031,6.543010,0.008806,7.433248,25,2,4,19,23,38,399,0,0,44.490201,-158.616186,10457.269000,-4250676.064990,-1664436.682797,4454439.720436,22743510.000000,22743508.000000,22743510.000000,74.202133,41.300194,-179.841904,0.746623,0.564078,-0.282050,0.211703,32896,0.000000,0.000000,0.000000,0.000000,0.000000,0.000000,99.989998
560554482461,566376257000,566376257000,566376257000,560939931000,25,2,2,0,9,8,377,0,23.049999,101.749008,0.154307,0.551535,-0.063465,6.535475,0.014542,7.456797,25,2,4,19,23,38,399,0,0,44.490201,-158.616186,10457.269000,-4250676.064990,-1664436.682797,4454439.720436,22743510.000000,22743508.000000,22743510.000000,74.200958,41.300877,-179.843277,0.746624,0.564073,-0.282050,0.211712,32896,0.000000,0.000000,0.000000,0.000000,0.000000,0.000000,99.989998
560578734164,566401257000,566401257000,566401257000,560964931000,25,2,2,0,9,8,402,16,23.059999,101.753006,0.154083,0.552495,-0.063244,6.531577,0.029900,7.453849,25,2,4,19,23,38,399,0,0,44.490201,-158.616186,10457.269000,-4250676.064990,-1664436.682797,4454439.720436,22743510.000000,22743508.000000,22743510.000000,74.199829,41.302109,-179.844437,0.746625,0.564066,-0.282055,0.211723,128,0.000000,0.000000,0.000000,0.000000,0.000000,0.000000,99.989998
560604033572,566426256000,566426256000,566426256000,560989930000,25,2,2,0,9,8,427,16,23.059999,101.753006,0.153840,0.552264,-0.061577,6.547912,0.040657,7.446426,25,2,4,19,23,38,399,0,0,44.490201,-158.616186,10457.269000,-4250676.064990,-1664436.682797,4454439.720436,22743510.000000,22743508.000000,22743510.000000,74.199333,41.301826,-179.844208,0.746628,0.564063,-0.282055,0.211719,128,0.000000,0.000000,0.000000,0.000000,0.000000,0.000000,99.989998
560630377831,566451257000,566451257000,566451257000,561014931000,25,2,2,0,9,8,452,16,23.049999,101.737007,0.154543,0.552749,-0.062299,6.535140,0.033834,7.478485,25,2,4,19,23,38,399,0,0,44.490201,-158.616186,10457.269000,-4250676.064990,-1664436.682797,4454439.720436,22743510.000000,22743508.000000,22743510.000000,74.202293,41.299885,-179.841446,0.746623,0.564079,-0.282050,0.211699,32896,0.000000,0.000000,0.000000,0.000000,0.000000,0.000000,99.989998
560654618164,566476256000,566476256000,566476256000,561039930000,25,2,2,0,9,8,477,0,23.065002,101.749008,0.154092,0.552239,-0.065140,6.542927,0.003427,7.479216,25,2,4,19,23,38,399,0,0,44.490201,-158.616186,10457.269000,-4250676.064990,-1664436.682797,4454439.720436,22743510.000000,22743508.000000,22743510.000000,74.202782,41.298489,-179.841690,0.746624,0.564085,-0.282039,0.211695,32896,0.000000,0.000000,0.000000,0.000000,0.000000,0.000000,99.989998
560679921331,566501257000,566501257000,566501257000,561064931000,25,2,2,0,9,8,502,16,23.059998,101.749008,0.154079,0.551284,-0.064410,6.543733,0.055371,7.436840,25,2,4,19,23,38,399,0,0,44.490201,-158.616186,10457.269000,-4250676.064990,-1664436.682797,4454439.720436,22743510.000000,22743508.000000,22743510.000000,74.201530,41.298069,-179.842377,0.746630,0.564079,-0.282035,0.211694,128,0.000000,0.000000,0.000000,0.000000,0.000000,0.000000,99.989998
560704166886,566526256000,566526256000,566526256000,561089930000,25,2,2,0,9,8,527,16,23.049999,101.749008,0.153862,0.551504,-0.066552,6.578201,0.026389,7.446093,25,2,4,19,23,38,399,0,0,44.490201,-158.616186,10457.269000,-4250676.064990,-1664436.682797,4454439.720436,22743510.000000,22743508.000000,22743510.000000,74.201843,41.299301,-179.842026,0.746626,0.564078,-0.282045,0.211698,128,0.000000,0.000000,0.000000,0.000000,0.000000,0.000000,99.989998
560730523849,566551257000,566551257000,566551257000,561114931000,25,2,2,0,9,8,552,16,23.055000,101.737007,0.154533,0.551303,-0.062748,6.551813,0.013242,7.462132,25,2,4,19,23,38,600,0,0,44.441593,-158.213257,10439.133000,-4242373.095176,-1695689.622098,4450565.910522,22743686.000000,22743686.000000,22743686.000000,74.201813,41.300076,-179.840912,0.746626,0.564074,-0.282055,0.211695,32896,0.000000,0.000000,0.000000,0.000000,0.000000,0.000000,99.989998
560753717368,566576257000,566576257000,566576257000,561139931000,25,2,2,0,9,8,577,0,23.049999,101.737007,0.154529,0.550579,-0.063210,6.542628,0.035158,7.470672,25,2,4,19,23,38,600,0,0,44.441593,-158.213257,10439.133000,-4242373.095176,-1695689.622098,4450565.910522,22743686.000000,22743686.000000,22743686.000000,74.201889,41.300606,-179.842102,0.746623,0.564076,-0.282053,0.211705,32896,0.000000,0.000000,0.000000,0.000000,0.000000,0.000000,99.989998
560780075479,566601257000,566601257000,566601257000,561164931000,25,2,2,0,9,8,602,16,23.049999,101.737007,0.154315,0.552254,-0.063715,6.549764,0.022059,7.445268,25,2,4,19,23,38,600,0,0,44.441593,-158.213257,10439.133000,-4242373.095176,-1695689.622098,4450565.910522,22743686.000000,22743686.000000,22743686.000000,74.202408,41.300686,-179.841019,0.746622,0.564077,-0.282057,0.211700,128,0.000000,0.000000,0.000000,0.000000,0.000000,0.000000,99.989998
560805373757,566626256000,566626256000,566626256000,561189930000,25,2,2,0,9,8,627,16,23.049999,101.737007,0.153615,0.551524,-0.063702,6.540543,0.006659,7.461856,25,2,4,19,23,38,600,0,0,44.441593,-158.213257,10439.133000,-4242373.095176,-1695689.622098,4450565.910522,22743686.000000,22743686.000000,22743686.000000,74.202644,41.300407,-179.840866,0.746622,0.564079,-0.282056,0.211698,128,0.000000,0.000000,0.000000,0.000000,0.000000,0.000000,99.989998
560829613923,566651257000,566651257000,566651257000,561214931000,25,2,2,0,9,8,652,16,23.049999,101.737007,0.153841,0.552022,-0.061810,6.561590,0.040994,7.444121,25,2,4,19,23,38,600,0,0,44.441593,-158.213257,10439.133000,-4242373.095176,-1695689.622098,4450565.910522,22743686.000000,22743686.000000,22743686.000000,74.201996,41.298893,-179.841187,0.746628,0.564078,-0.282046,0.211691,32896,0.000000,0.000000,0.000000,0.000000,0.000000,0.000000,99.989998
560853848960,566676257000,566676257000,566676257000,561239931000,25,2,2,0,9,8,677,0,23.049999,101.737007,0.153858,0.552484,-0.064194,6.555516,-0.004780,7.504035,25,2,4,19,23,38,600,0,0,44.441593,-158.213257,10439.133000,-4242373.095176,-1695689.622098,4450565.910522,22743686.000000,22743686.000000,22743686.000000,74.204308,41.299110,-179.839798,0.746618,0.564089,-0.282050,0.211689,32896,0.000000,0.000000,0.000000,0.000000,0.000000,0.000000,99.989998
560880191146,566701257000,566701257000,566701257000,561264931000,25,2,2,0,9,8,702,16,23.049999,101.737007,0.154539,0.552024,-0.062761,6.548607,0.022072,7.437642,25,2,4,19,23,38,600,0,0,44.441593,-158.213257,10439.133000,-4242373.095176,-1695689.622098,4450565.910522,22743686.000000,22743686.000000,22743686.000000,74.204247,41.297352,-179.840149,0.746622,0.564093,-0.282037,0.211683,32896,0.000000,0.000000,0.000000,0.000000,0.000000,0.000000,99.989998
560905486035,566726257000,566726257000,566726257000,561289931000,25,2,2,0,9,8,727,16,23.049999,101.749008,0.152703,0.552709,-0.064198,6.549721,0.030304,7.461555,25,2,4,19,23,38,600,0,0,44.441593,-158.213257,10439.133000,-4242373.095176,-1695689.622098,4450565.910522,22743686.000000,22743686.000000,22743686.000000,74.203735,41.298965,-179.841232,0.746619,0.564089,-0.282043,0.211696,128,0.000000,0.000000,0.000000,0.000000,0.000000,0.000000,99.989998
